date,sale_index_total,sale_price_total,rent_index_total,rent_price_total,rent_yield_monthly
2008-01-01,61.5894927832,2610.3089278431,71.0204829406,18.6280794945,0.0071345542
2008-02-01,62.0808068683,2631.1319852290,72.8094130361,19.0973009170,0.0072527213
2008-03-01,62.9251628104,2666.9177946965,75.3342630065,19.7595479761,0.0073991062
2008-04-01,64.0255114316,2713.5531816759,78.4675808340,20.5813910720,0.0075690853
2008-05-01,65.0885434462,2758.6070022676,81.0075794827,21.2476115028,0.0076848419
2008-06-01,66.2407724486,2807.4412029712,82.0004625139,21.5080364291,0.0076505585
2008-07-01,67.3621404465,2854.9674410375,83.6463240312,21.9397321584,0.0076722232
2008-08-01,68.3336768641,2896.1434610033,84.1608831286,22.0746967120,0.0076266191
2008-09-01,69.0457533670,2926.3229537838,85.5476417191,22.4384319077,0.0076972850
2008-10-01,69.6902445533,2953.6380203916,85.4477466908,22.4122302761,0.0076484040
2008-11-01,70.6546060291,2994.5099492874,84.9711657794,22.2872270836,0.0075234866
2008-12-01,72.0153081056,3052.1797338249,84.5323001963,22.1721163066,0.0073396377
2009-01-01,73.0925885512,3097.8374367493,84.7190468951,22.2210984060,0.0072449391
2009-02-01,74.1009153617,3140.5727209149,86.0927279342,22.5814034692,0.0072475528
2009-03-01,74.9433290803,3176.2762143404,87.3436714174,22.9095154967,0.0072597665
2009-04-01,76.3061610591,3234.0362691931,88.2059553184,23.1356853619,0.0071895196
2009-05-01,77.7113679540,3293.5922735925,88.5700245174,23.2311776720,0.0070872426
2009-06-01,79.3813598137,3364.3704934441,89.4443590031,23.4605083049,0.0070078096
2009-07-01,80.9368496860,3430.2958472244,89.3193619482,23.4277226214,0.0068560996
2009-08-01,82.4564465371,3494.6999695478,89.1959683252,23.3953575047,0.0067108116
2009-09-01,83.5765004092,3542.1705118427,88.7984637396,23.2910953720,0.0065913912
2009-10-01,84.6434336618,3587.3896761656,89.1121949943,23.3733844597,0.0065338516
2009-11-01,85.9664067984,3643.4604186502,89.1359317386,23.3796104095,0.0064332551
2009-12-01,87.5544510926,3710.7655061219,89.3137600056,23.4262532787,0.0063184303
2010-01-01,89.0332520651,3773.4406022525,89.2859579529,23.4189610325,0.0061738785
2010-02-01,90.4194009281,3832.1888820141,90.3617444768,23.7011308524,0.0061448961
2010-03-01,91.8808216382,3894.1273613652,92.5100523003,24.2646140514,0.0061887964
2010-04-01,93.4031435612,3958.6469787074,95.5818735694,25.0703271136,0.0062874956
2010-05-01,94.6790387381,4012.7224454923,97.5862147993,25.5960490775,0.0063328175
2010-06-01,96.1885355593,4076.6985045712,98.6066181754,25.8636923604,0.0062954478
2010-07-01,98.1249801910,4158.7696255056,99.2935636894,26.0438724311,0.0062099559
2010-08-01,100.0000000000,4238.2374166175,100.0000000000,26.2291647751,0.0061373140
2010-09-01,101.9309169954,4320.0742632013,100.4944912229,26.3588656927,0.0060539767
2010-10-01,103.9475917861,4405.5457287493,100.2520085070,26.2952645016,0.0059217631
2010-11-01,106.3265143503,4506.3701149777,100.9891227168,26.4886034023,0.0058323973
2010-12-01,108.5626088922,4601.1411105237,102.3179103668,26.8371333045,0.0057883416
2011-01-01,110.3748466722,4677.9480501940,104.3643374892,27.3738940465,0.0058138822
2011-02-01,112.5527658562,4770.2534359563,106.2576652034,27.8704980923,0.0058017835
2011-03-01,114.8466811868,4867.4750138014,108.3696969185,28.4244663710,0.0057973805
2011-04-01,117.6289932330,4985.3960039906,110.3936832575,28.9553410829,0.0057690382
2011-05-01,120.7092017478,5115.9425537765,111.9251513633,29.3570323758,0.0056929120
2011-06-01,123.8080751433,5247.2801655192,113.3480287322,29.7302412255,0.0056110382
2011-07-01,126.5777219033,5364.6643708067,114.0907197894,29.9250428866,0.0055146328
2011-08-01,128.7522827887,5456.8274239003,115.1582686570,30.2050520382,0.0054674974
2011-09-01,131.2794686605,5563.9355611074,115.4390614381,30.2787016394,0.0053714390
2011-10-01,133.7180340706,5667.2877527435,115.9088458941,30.4019221784,0.0052898784
2011-11-01,135.9598561087,5762.3014931801,116.2460945251,30.4903796776,0.0052134362
2011-12-01,137.8307071338,5841.5926013334,117.1589170418,30.7298053996,0.0051839219
2012-01-01,139.5103214140,5912.7786422103,118.2111831219,31.0058060036,0.0051058333
2012-02-01,141.3409753369,5990.3661017390,119.6286966588,31.3776079649,0.0050994159
2012-03-01,143.1669869745,6067.7568101971,121.0889197520,31.7606122861,0.0050979024
2012-04-01,144.8974118712,6141.0963256354,122.4514238373,32.1179857277,0.0050971151
2012-05-01,146.6270787812,6214.4037157979,123.6333314615,32.4279902259,0.0050894837
2012-06-01,148.3819208951,6288.7780908740,124.3884004132,32.6260385055,0.0050587837
2012-07-01,150.3346073936,6371.5375806787,125.3242118906,32.8714940398,0.0050301950
2012-08-01,152.4314733442,6460.4077379756,126.3761996749,33.1474216492,0.0049990316
2012-09-01,154.7846320727,6560.1401916803,127.7510829365,33.5080420453,0.0049750287
2012-10-01,156.4960448828,6632.6739297504,128.1658935769,33.6168434117,0.0049365308
2012-11-01,158.3108161180,6709.5882432676,128.7161501499,33.7611711149,0.0048970272
2012-12-01,159.5820516646,6763.4662238557,128.8913939246,33.8071360934,0.0048610497
2013-01-01,161.0127760482,6824.1037200103,130.3378246030,34.1865227794,0.0048339643
2013-02-01,162.3265938001,6879.7864355578,131.1759194745,34.4063480642,0.0048244388
2013-03-01,163.7581062107,6940.4573301663,131.9693498030,34.6144582124,0.0048065031
2013-04-01,165.5721984090,7017.3428644873,132.5790491548,34.7743772600,0.0047743112
2013-05-01,167.2874573083,7090.0396089478,133.0696480905,34.9030572633,0.0047386160
2013-06-01,169.0770388688,7165.8863242448,133.5028127627,35.0166727389,0.0046999472
2013-07-01,171.2237626160,7256.8695733324,134.1718409632,35.1921532480,0.0046630485
2013-08-01,173.3175390564,7345.6087898495,134.7263982117,35.3376089825,0.0046300055
2013-09-01,175.3702654241,7432.6082068258,135.3970595065,35.5135178385,0.0046043970
2013-10-01,177.5055760613,7523.1077412106,136.1238984086,35.7041616118,0.0045894269
2013-11-01,179.8194474374,7621.1751036464,137.2442837329,35.9980293247,0.0045669734
2013-12-01,181.7831142074,7704.3999634312,138.5804127768,36.3484848132,0.0045550024
2014-01-01,183.1415737023,7761.9747020326,139.1337319181,36.4936158025,0.0045536254
2014-02-01,184.2712032935,7809.8510860344,139.3530620427,36.5511442623,0.0045329492
2014-03-01,185.5706257854,7864.9236962865,139.4511829127,36.5768805469,0.0045041166
2014-04-01,186.9676322775,7924.1321481483,139.7496741674,36.6551723100,0.0044698338
2014-05-01,188.3033718801,7980.7439637742,140.0237400407,36.7270574995,0.0044442802
2014-06-01,189.7985456222,8044.1129767578,140.2459565820,36.7853430423,0.0044164252
2014-07-01,191.2378384864,8105.1136254600,140.5180794644,36.8567186015,0.0043954126
2014-08-01,192.5884543103,8162.3559306635,140.7348203596,36.9135679280,0.0043739826
2014-09-01,193.3629302913,8195.1800614720,140.3271667351,36.8066437871,0.0043478124
2014-10-01,193.9442632388,8219.8183319721,140.2228199748,36.7792745034,0.0043339047
2014-11-01,194.4454006173,8241.0577238533,140.1905307516,36.7708053099,0.0043232016
2014-12-01,195.1131482707,8269.3584547508,140.8875518730,36.9536281283,0.0043315943
2015-01-01,196.0011063664,8306.9922270065,141.3665149534,37.0792561439,0.0043259428
2015-02-01,197.0880028127,8353.0574788724,142.2583893569,37.3131873508,0.0043297325
2015-03-01,198.1253850029,8397.0241990115,142.5426431310,37.3877447416,0.0043167099
2015-04-01,198.8705693268,8428.6068798504,142.6472005913,37.4151692901,0.0043048421
2015-05-01,199.2147494218,8443.1940494152,141.9708374383,37.2377648842,0.0042769270
2015-06-01,199.3984487176,8450.9796617025,141.0666529776,37.0006048522,0.0042462625
2015-07-01,199.6028131543,8459.6411117273,139.9876614983,36.7175943992,0.0042077087
2015-08-01,199.7362909234,8465.2982164815,139.1486547735,36.4975299428,0.0041767015
2015-09-01,199.8949657175,8472.0232309745,138.1214371792,36.2280993474,0.0041393145
2015-10-01,199.9657424640,8475.0229175245,137.3968163919,36.0380373671,0.0041155766
2015-11-01,199.8097795059,8468.4128370787,136.3495107842,35.7633378536,0.0040874268
2015-12-01,200.0027787655,8476.5926039146,135.6753933057,35.5865224694,0.0040641781
2016-01-01,200.0375702520,8478.0671497134,135.0031398391,35.4101959999,0.0040355234
2016-02-01,200.2362189789,8486.4863543833,134.9432622975,35.3944906209,0.0040316439
2016-03-01,200.2653543644,8487.7211811926,135.0933056080,35.4338457280,0.0040338240
2016-04-01,200.3932198861,8493.1404255785,135.3616273764,35.5042242868,0.0040388540
2016-05-01,200.6432748301,8503.7383477760,135.0357651936,35.4187533579,0.0040248876
2016-06-01,200.5566710600,8500.0678743890,134.5230111175,35.2842622464,0.0040128016
2016-07-01,200.4605743831,8495.9950690706,134.0526346710,35.1608864332,0.0039996375
2016-08-01,200.1613554883,8483.3134619141,133.7350945047,35.0775982997,0.0039931518
2016-09-01,200.1512210185,8482.8839390223,133.3924288175,34.9877199520,0.0039828295
2016-10-01,200.3913563733,8493.0614454820,133.1602441139,34.9268198435,0.0039718960
2016-11-01,200.5263615939,8498.7832872526,133.0277989020,34.8920805706,0.0039655920
2016-12-01,200.8164697708,8511.0787605570,133.2313920838,34.9454813618,0.0039655649
2017-01-01,200.8268787470,8511.5199176787,133.7650825590,35.0854639159,0.0039919576
2017-02-01,201.1971782277,8527.2140888247,134.2060335080,35.2011216669,0.0039972640
2017-03-01,201.5672197240,8542.8973259784,134.6186728667,35.3093535242,0.0040012992
2017-04-01,202.1069797853,8565.7736388570,135.2389798314,35.4720548601,0.0040062223
2017-05-01,202.1758864824,8568.6940682769,136.0027625125,35.6723886781,0.0040250804
2017-06-01,202.1200462759,8566.3274277483,136.6632193219,35.8456209829,0.0040437597
2017-07-01,202.1126244294,8566.0128722763,136.7598262636,35.8709601768,0.0040469950
2017-08-01,202.4843067540,8581.7656516273,136.4314514763,35.7848302127,0.0040302326
2017-09-01,202.9037303685,8599.5418201899,136.1112614860,35.7008470526,0.0040131137
2017-10-01,203.2353680696,8613.5974133246,135.8194762063,35.6243142108,0.0039981187
2017-11-01,203.4237743799,8621.5825200659,135.8615434791,35.6353481051,0.0039955976
2017-12-01,203.6287533342,8630.2700148016,136.4079323317,35.7786613376,0.0040069867
2018-01-01,203.9656528890,8644.5486177877,137.2678254462,36.0042041194,0.0040933645
2018-02-01,204.3297991489,8659.9820008283,138.4656546668,36.3183847194,0.0041204215
2018-03-01,204.6701083886,8674.4051143583,139.5203193287,36.5950144514,0.0041442870
2018-04-01,205.0578215267,8690.8373176442,140.0704223492,36.7393018791,0.0041534784
2018-05-01,205.5419065865,8711.3539917783,140.2554282435,36.7878273800,0.0041503975
2018-06-01,205.9826345001,8730.0330871188,140.6441529968,36.8897866360,0.0041533714
2018-07-01,206.5206019436,8752.8334245961,141.2192272644,37.0406238133,0.0041592289
2018-08-01,206.5014210209,8752.0204915552,141.6925562019,37.1647740402,0.0041724431
2018-09-01,206.7480602278,8762.4736467041,141.4408603418,37.0987563183,0.0041601838
2018-10-01,206.5412809610,8753.7098504512,141.1204536868,37.0147163288,0.0041543315
2018-11-01,206.8471741081,8766.6743282658,140.9352476685,36.9661383371,0.0041430032
2018-12-01,207.2694405013,8784.5709805389,141.7647405924,37.1837074029,0.0041589457
2019-01-01,207.9062544344,8811.5606669257,142.8010911872,37.4555335081,0.0041449752
2019-02-01,208.4580289111,8834.9461792516,144.2124559586,37.8257226996,0.0041726845
2019-03-01,208.8817906850,8852.9062093119,145.1952465813,38.0835004714,0.0041933784
2019-04-01,209.3213923384,8871.5375710714,146.2725249305,38.3660615847,0.0042161043
2019-05-01,209.6826104289,8886.8468513382,147.1951486652,38.6080580843,0.0042332571
2019-06-01,210.1715978483,8907.5712991093,148.4828953678,38.9458232888,0.0042492651
2019-07-01,210.5697431325,8924.4456415181,149.6136436916,39.2424091298,0.0042752390
2019-08-01,211.1768416058,8950.1759161676,150.5913611363,39.4988562495,0.0043020353
2019-09-01,210.8668523372,8937.0378349975,151.6276735634,39.7706723435,0.0043387956
2019-10-01,210.8876578342,8937.9196213567,151.9842575049,39.8642013331,0.0044144209
2019-11-01,211.4646444654,8962.3736846501,152.1150770626,39.8985142105,0.0044068641
2019-12-01,211.9544560073,8983.1330606889,152.5365586915,40.0090653214,0.0044090543
2020-01-01,212.6614478919,9013.0970552761,153.0218959624,40.1363652339,0.0044108567
2020-02-01,212.9904195884,9027.0396568062,154.0944485393,40.4176868166,0.0044348220
2020-03-01,213.6052872967,9053.0992100834,156.0356920389,40.9268587728,0.0044776654
2020-04-01,214.0602419217,9072.3812672283,158.3072838930,41.5226783432,0.0045330985
2020-05-01,214.6856347790,9098.8869013076,159.3291533697,41.7907061721,0.0045489052
2020-06-01,215.3290525533,9126.1564741609,158.8962444815,41.6771577865,0.0045232878
2020-07-01,216.1502118543,9160.9591549067,157.4924774775,41.3089614259,0.0044666098
2020-08-01,217.1631969561,9203.8918685159,156.2134228252,40.9734760736,0.0044094386
2020-09-01,217.9248667496,9236.1732426959,155.3466069005,40.7461174964,0.0043690984
2020-10-01,218.4687173590,9259.2229227152,154.6607281807,40.5662172368,0.0043376836
2020-11-01,219.1559307034,9288.3486558080,154.4070101671,40.4996691210,0.0043172805
2020-12-01,219.9774583280,9323.1669469834,154.2750653921,40.4650611085,0.0042977820
2021-01-01,220.9842189603,9365.8358527964,153.8268251525,40.3474914375,0.0042690106
2021-02-01,221.8717842127,9403.4529754210,153.2789522953,40.2037889630,0.0042355029
2021-03-01,222.7212015644,9439.4532994420,152.6796902543,40.0466075349,0.0041992072
2021-04-01,223.2971518926,9463.8634417535,152.5356995085,40.0088399649,0.0041812650
2021-05-01,223.9393781466,9491.0825151511,152.0782405611,39.8888523038,0.0041539049
2021-06-01,224.8309811595,9528.8707676511,151.3315954056,39.6930135157,0.0041167061
2021-07-01,225.7780055501,9569.0079097158,150.7482369594,39.5400034676,0.0040823043
2021-08-01,226.5597592128,9602.1404859571,150.6646760312,39.5180861340,0.0040662621
2021-09-01,227.0138916832,9621.3876982369,150.9644170541,39.5967057009,0.0040650427
2021-10-01,227.4399668492,9639.4457753442,151.3850918507,39.7070451864,0.0040701055
2021-11-01,228.2358516558,9673.1772630128,152.0813187915,39.8896596979,0.0040777773
2021-12-01,229.0552042587,9707.9033716001,152.8613468536,40.0942545436,0.0040881916
2022-01-01,230.1422380180,9753.9744431214,153.6641341905,40.3048189570,0.0040984026
2022-02-01,231.0063062000,9790.5957041137,155.0065383931,40.6569203672,0.0041212362
2022-03-01,232.0456223454,9834.6443898672,156.6803685142,41.0959520278,0.0041501422
2022-04-01,233.2293332539,9884.8128684930,159.1902772347,41.7542801218,0.0041962956
2022-05-01,233.9635073199,9915.9289084635,162.1475104098,42.5299376841,0.0042628066
2022-06-01,234.5145681944,9939.2841766333,164.9814299440,43.2732511083,0.0043284263
2022-07-01,234.7447461566,9949.0396651511,167.5553714541,43.9483744682,0.0043918721
2022-08-01,235.8217021924,9994.6836188227,169.5407717653,44.4691283872,0.0044233057
2022-09-01,237.3186790293,10058.1290512427,171.2336531862,44.9131570446,0.0044388600
2022-10-01,239.0592952361,10131.9004985992,172.7538100365,45.3118814897,0.0044448271
2022-11-01,240.0702354510,10174.7465450461,173.8912536987,45.6102234621,0.0044534941
2022-12-01,240.6491919428,10199.2840957080,175.2196138189,45.9586412268,0.0044749177
2023-01-01,241.3267610087,10228.0010813798,176.4864916085,46.2909326897,0.0045004511
2023-02-01,242.1352947315,10262.2686601469,178.4750505966,46.8125151034,0.0045362350
2023-03-01,243.1789397941,10306.5008156889,180.9464180996,47.4607341579,0.0045792298
2023-04-01,244.2446328295,10351.6674166582,183.2589470832,48.0672911955,0.0046165614
2023-05-01,245.3641844066,10399.1166704971,185.4538529592,48.6429966744,0.0046512369
2023-06-01,246.5265181838,10448.3791355506,188.0990066390,49.3367983916,0.0046969942
2023-07-01,247.3969074122,10485.2682974978,191.0716795161,50.1165056588,0.0047547640
2023-08-01,248.4578118468,10530.2319462010,193.6725955058,50.7987041994,0.0047973779
2023-09-01,249.5727179468,10577.4843136914,194.9167005834,51.1250225702,0.0048036427
2023-10-01,250.7403665926,10626.9720354921,195.8194472533,51.3618054817,0.0048024784
2023-11-01,251.5478886414,10661.1967371112,196.9351331243,51.6544405672,0.0048138631
2023-12-01,251.9448070118,10678.0190799970,198.4839361700,52.0606786701,0.0048429338
2024-01-01,252.6317377573,10707.1328358810,200.2541070276,52.5249797011,0.0048754815
2024-02-01,253.4875801511,10743.4054684424,201.9195612695,52.9618144385,0.0048967390
2024-03-01,254.7722827024,10797.8542126642,204.2087784344,53.5622569807,0.0049259434
2024-04-01,256.2861599749,10862.0159256700,206.3336629525,54.1195964423,0.0049443287
2024-05-01,258.1185736959,10939.6779696184,208.9809138422,54.8139482401,0.0049719752
2024-06-01,259.8975518880,11015.0752889917,211.4368889944,55.4581300096,0.0049964542
2024-07-01,261.4531358616,11081.0046310068,214.0368561539,56.1400796800,0.0050290976
2024-08-01,263.0753688352,11149.7587158776,215.8230868749,56.6085930791,0.0050395306
2024-09-01,264.4706586733,11208.8944118657,216.6354742482,56.8216755018,0.0050311491
2024-10-01,265.9036506856,11269.6280155076,217.7198970371,57.1061105420,0.0050283060
2024-11-01,267.1227814522,11321.2976718158,219.0384898667,57.4519664280,0.0050350026
2024-12-01,268.4653083532,11378.1971492616,221.3354041013,58.0544278473,0.0050618948
2025-01-01,269.5579654226,11424.5065500139,223.4836000111,58.6178816922,0.0050942968
2025-02-01,270.6067079958,11468.9547501543,226.1584401862,59.3194699292,0.0051356135
2025-03-01,271.1933052609,11493.8161349288,228.5896520813,59.9571565032,0.0051804787
2025-04-01,271.9442705166,11525.6438253832,230.9583664460,60.5784504969,0.0052207528
2025-05-01,272.6707549448,11556.4339602422,232.8873886231,61.0844169023,0.0052504001
2025-06-01,273.9242988798,11609.5621283293,234.2940525456,61.4533731004,0.0052574412
2025-07-01,275.2890690942,11667.4043302086,235.4703796630,61.7619138783,0.0052572883
2025-08-01,276.4755043857,11717.6882746564,235.6806418476,61.8170638932,0.0052395829
2025-09-01,277.8787515910,11777.1612227598,236.1082554766,61.9292233765,0.0052228080
2025-10-01,279.1244047991,11829.9549631061,236.5285431921,62.0394613339,0.0052087915
2025-11-01,280.2786865270,11878.8761631909,237.8391690162,62.3832275409,0.0052158294
2025-12-01,280.7054264689,11896.9624150820,239.0053659857,62.6891112656,0.0052331781
2026-01-01,281.1375883075,11915.2784598255,240.0287773681,62.9575435235,0.0052499076
2026-02-01,281.8396002286,11945.0313917345,241.2506308810,63.2780254947,0.0052631016
2026-03-01,283.0248511992,11995.2651418487,242.5905341948,63.6294709427,0.0052699566
2026-04-01,283.5732770774,12018.5087326225,244.7750077536,64.2024401119,0.0053076981
2026-05-01,284.2069446845,12045.3650702419,246.5584012906,64.6702093413,0.0053349668
2026-06-01,284.4309859743,12054.8604720188,247.7292458089,64.9773120792,0.0053566355
2026-07-01,285.4690482553,12098.8560160180,248.4912028216,65.1771670396,0.0053536043
