id;fonte;url;categoria;temas_principais;tipo_de_evidencia;confianca;limite_de_uso;aplicacao_recomendada
F01;YK Private - artigo bairro;https://www.ykprivateimovel.com/jardim-das-perdizes-o-novo-bairro-planejado-de-sao-paulo/;imobiliaria/editorial;historia,urbanismo,localizacao,seguranca,valorizacao;conteudo editorial comercial;media;claims promocionais sem metodologia quantitativa;benchmark e pauta independente
F02;YK Private - categoria apartamentos;https://www.ykprivateimovel.com/imoveis/apartamentos-a-venda-em-jardim-das-perdizes-sao-paulo/;imobiliaria/inventario;estoque,precos,metragem,condominio,IPTU;anuncios e filtros;media;preco pedido,duplicidades e dados de anunciante;monitorar concorrencia e amostra de mercado
F03;YK Private - empreendimento;https://www.ykprivateimovel.com/empreendimento/jardim-das-perdizes/;imobiliaria/local;marca,equipe,CRECI,prova social,leads;pagina institucional comercial;media;prova social nao auditada e dados sujeitos a atualizacao;benchmark de autoridade local
F04;Tecnisa - landing bairro;https://www.tecnisa.com.br/lp/jardimdasperdizes;incorporadora/oficial;parque,AQUA,seguranca,AMO,JP Experience;claim institucional e lead page;alta para claims institucionais;linguagem promocional e sem series de preco;fonte primaria com atribuicao
F05;Tecnisa - sucesso de vendas 2013;https://www.tecnisa.com.br/blog/mercado/jardim-das-perdizes-e-sucesso-de-vendas;incorporadora/historica;primeiro ciclo,86 por cento vendido,VGV,28 torres,sociedade;comunicado historico;media-alta para data;status passado e linguagem institucional;timeline historica
F06;Tecnisa - premio urbanistico;https://www.tecnisa.com.br/blog/mercado/tecnisa-e-premiada-por-solucoes-urbanisticas-do-jardim-das-perdizes;incorporadora/historica;Master Imobiliario,AQUA,drenagem,parque,VGV;comunicado institucional;alta para premio e claims datados;nao comprova valorizacao atual;prova de reconhecimento
F07;Tecnisa - parque;https://www.tecnisa.com.br/blog/sustentabilidade/parque-jardim-das-perdizes;incorporadora/editorial;parque,arvores,acessibilidade,comercio,AMO;conteudo institucional;media-alta;horarios e servicos precisam validar fonte atual;base de entidades e pauta
F08;Tecnisa - guia completo 2026;https://www.tecnisa.com.br/blog/jdp-jardim-das-perdizes/jardim-das-perdizes-o-privilegio-de-viver-em-um-bairro-planejado-em-sao-paulo;incorporadora/editorial;localizacao,servicos,seguranca,mobilidade,FAQ;conteudo pilar;media;claims de melhor lugar,demanda e valorizacao sem metodo;benchmark SEO e lacunas
F09;Tecnisa - cluster valorizacao;https://www.tecnisa.com.br/blog/jdp-jardim-das-perdizes/potencial-de-valorizacao-jardim-das-perdizes;incorporadora/editorial;valorizacao,infraestrutura,FipeZAP;conteudo investidor;media;nao separa nominal/real e nao e granular;contraponto quantitativo
F10;Tecnisa - 10 anos;https://www.tecnisa.com.br/blog/jdp-jardim-das-perdizes/jardim-das-perdizes-10-anos-de-um-bairro-planejado-em-sao-paulo;incorporadora/editorial;urbanismo,maturidade,liquidez,novos lancamentos;retrospectiva institucional;media;sem serie de preco e metodologia;timeline e comparacao independente
F11;Tecnisa - lazer;https://www.tecnisa.com.br/blog/jdp-jardim-das-perdizes/lazer-no-jardim-das-perdizes-um-bairro-planejado;incorporadora/editorial;lazer,eventos,gastronomia,produtos;conteudo topo/meio;media;mistura parque,condominio e eventos;mapa de experiencia
F12;Tecnisa - comercio local;https://www.tecnisa.com.br/blog/jdp-jardim-das-perdizes/comercio-local-no-jardim-das-perdizes-o-guia-completo-para-sua-familia;incorporadora/editorial;mercados,farmacias,servicos;guia comercial;media;lista dinamica e claims sem criminalidade;diretorio atualizado
F13;Tecnisa - localizacao;https://www.tecnisa.com.br/blog/jdp-jardim-das-perdizes/a-importancia-da-localizacao-na-valorizacao-do-imovel;incorporadora/editorial;localizacao,areas verdes,valorizacao;conteudo argumentativo;media;sem serie especifica do bairro;pagina comparativa baseada em dados
F14;Tecnisa - areas verdes;https://www.tecnisa.com.br/blog/jdp-jardim-das-perdizes/impacto-das-areas-verdes-na-valorizacao-de-imoveis;incorporadora/editorial;parques,preco,estudos gerais;conteudo argumentativo;media;estudos externos precisam conferir original;referencias e ressalvas
F15;Tecnisa - satisfacao;https://www.tecnisa.com.br/blog/jdp-jardim-das-perdizes/jardim-das-perdizes-pesquisa-reforca-satisfacao-e-qualidade-de-vida-no-bairro;incorporadora/AMO;pesquisa,satisfacao,seguranca,parque;pesquisa proprietaria divulgada;media;amostra e questionario nao publicados;usar com transparência
F16;Tecnisa - produtos;https://www.tecnisa.com.br/imoveis/recanto-oliveiras;incorporadora/produto;plantas,obra,memorial,arquitetos,comissao;pagina oficial de produto;alta para dados da pagina;area/status variam em campos;ficha e verificacao de produto
F17;Tecnisa - produtos;https://www.tecnisa.com.br/imoveis/bosque-pitangueiras;incorporadora/produto;100 por cento vendido,plantas,obra,memorial;pagina oficial de produto;alta para status datado;estoque primario encerrado;repasse e historico
F18;Tecnisa - produtos;https://www.tecnisa.com.br/imoveis/reserva-figueiras;incorporadora/produto;plantas,entrega,memorial,obra;pagina oficial de produto;alta para memorial e areas;conflito de status cabeçalho/texto;ficha e compliance
F19;Tecnisa - produtos;https://www.tecnisa.com.br/imoveis/reserva-flamboyant;incorporadora/produto;38 andares,157/189/duplex,obra,vistas;pagina oficial de produto;alta para dados da pagina;sem preco publico;ficha e comparacao de vista
F20;Tecnisa - produtos;https://www.tecnisa.com.br/imoveis/bosque-cerejeiras;incorporadora/produto;222/293/436/569,obra,vistas,memorial;pagina oficial de produto;alta para dados da pagina;area de terreno compartilhada e status dinamico;ficha e comparacao
F21;Tecnisa - breve lancamento;https://www.tecnisa.com.br/imoveis/breve-lancamento;incorporadora/produto;A1,121/148/175,duas torres,aprovacao;pre-lancamento;alta para aviso legal;sem RI/preco definitivo;monitoramento e pagina de status
F22;Tecnisa - catalogo;https://www.tecnisa.com.br/imoveis;incorporadora/catalogo;filtros,status,finalidade,produtos;catalogo de venda;alta para fotografia do catalogo;dinamico e repetido;benchmark de UX/SEO
F23;Hines - ativo;https://www.hines.com/properties/jardim-das-perdizes-sao-paulo;investidor/asset manager;escala,unidades,uso misto,cronologia;pagina institucional de ativo;alta para fotografia da Hines;escopo historico/projetado;reconciliar com RI/memoriais
F24;Brazil Journal;https://braziljournal.com/no-jardim-das-perdizes-os-frutos-de-uma-longa-negociacao/;imprensa/negocios;2013,preco 8500/m2,VGV 1,87bi,negociacao;reportagem datada;media-alta para contexto;preco antigo e paywall/limites;timeline e contexto societario
F25;Secovi-SP 2013;https://secovi.com.br/jardim-das-perdizes-da-nova-cara-a-zona-oeste-de-sao-paulo/;entidade setorial;250 mil m2,50 mil verde,28 torres,AQUA,VGV;noticia/press release setorial;media-alta;linguagem institucional da Windsor;historico e escala
F26;Casa Vogue;https://casavogue.globo.com/Arquitetura/Cidade/noticia/2014/08/bairro-planejado-e-sustentavel-em-sp.html;imprensa/arquitetura;30 torres,parque,calçadas,arvores,sustentabilidade;reportagem;media-alta para 2014;escopo historico diferente;cronologia e arquitetura
F27;SustentArqui;https://sustentarqui.com.br/jardim-das-perdizes-bairro-sustentavel-de-sao-paulo/;arquitetura/sustentabilidade;11 condominios,44 mil m2,tecnologias,AQUA,LEED;reportagem tecnica;media-alta para epoca;claims contemporaneos e nao atuais;conteudo técnico
F28;Artigo academico PUC/RISUS;https://revistas.pucsp.br/risus/article/download/47546/pdf/137391;academico;urbanismo,sustentabilidade,35/25 por cento previstos,governanca;estudo de caso;alta para método do artigo;dados previstos de 2019;fonte técnica e bibliografia
F29;Prefeitura - ficha parque;https://prefeitura.sp.gov.br/web/meio_ambiente/w/parques/regiao_centrooeste/251039;governo municipal;area,horarios,portoes,acessibilidade,flora,linhas;ficha oficial;alta;data de inauguracao diverge de notícia;fonte primaria do parque
F30;Prefeitura - sede parque;https://prefeitura.sp.gov.br/web/meio_ambiente/w/noticias/328291;governo municipal;AMO,sede,irrigacao,acessibilidade,arvores;noticia oficial;alta para 2022;dados históricos;governanca e infraestrutura
F31;Portaria SVMA 72/2026;https://legislacao.prefeitura.sp.gov.br/portaria-secretaria-municipal-do-verde-e-do-meio-ambiente-svma-72-de-29-de-maio-de-2026;governo/legislacao;regras,pets,eventos,filmagem,publicidade;norma oficial;alta;regras podem ser alteradas;compliance e FAQ
F32;Agencia SP Linha 6;https://www.agenciasp.sp.gov.br/veja-como-vai-funcionar-a-operacao-do-primeiro-trecho-da-linha-6-laranja/;governo estadual;operacao assistida,horarios,estacoes,integracao;noticia oficial;alta para status em 01/07/2026;nao prova proximidade porta a porta;status de mobilidade
F33;LinhaUni;https://www.linhauni.com.br/linha-6-laranja;concessionaria;extensao,demanda,estacoes,tempo futuro;pagina da concessao;media-alta;promessa/planejamento e status dinamico;monitorar mobilidade
F34;Camara Municipal/OA Agua Branca;https://www.saopaulo.sp.leg.br/apartes-anteriores/revista-apartes/numero-2-outubro2013/no02-mudancas-na-agua-branca/;governo/urbanismo;OUC,CEPACs,densidade,HIS,drenagem;conteudo institucional;alta para contexto de 2013;nao atualiza todos os projetos;cronologia regulatoria
F35;ABECIP/Valor;https://www.abecip.org.br/imprensa/noticias/tecnisa-volta-a-lancar-no-jardim-das-perdizes-apos-oito-anos-valor-economico;imprensa/setor;retomada 2022,CEPACs,VGV,torres;reportagem reproduzida;media-alta para 2022;fotografia temporal;linha do tempo de oferta
F36;InfoMoney/Real Price;https://www.infomoney.com.br/minhas-financas/linha-6-laranha-vai-deixar-perdizes-pompeia-e-agua-branca-mais-caros-entenda/;imprensa/dados;ITBI,prêmio proximidade,precos 2019-2026;reportagem com estudo;media-alta;nao especifica loteamento;benchmark de impacto e limitações
F37;Viva Jardim das Perdizes;https://www.vivajardimdasperdizes.com.br/;hub hiperlocal;edificios,precos,condominio,IPTU,alertas;portal de bairro;media-alta para fotografia declarada;amostra e fonte do m2 nao detalhadas;concorrente direto e benchmark
F38;Casa Mineira;https://www.casamineira.com.br/venda/apartamento/jardim-das-perdizes_sao-paulo_sp;portal/anuncios;precos,condominio,tipologias;agregador de anuncios;media;inconsistencias de area e descricoes;amostra de oferta
F39;ZAP venda;https://www.zapimoveis.com.br/venda/apartamentos/sp+sao-paulo+zona-oeste+jd-das-perdizes/;portal/anuncios;volume,preco medio,m2,filtros;agregador e guia;media;duplicidade/mistura territorial;benchmark de SERP e oferta
F40;ZAP aluguel;https://www.zapimoveis.com.br/aluguel/apartamentos/sp+sao-paulo+zona-oeste+jd-das-perdizes/;portal/anuncios;volume,aluguel medio,m2,pet,filtros;agregador e guia;media;contadores inconsistentes e anuncios;aluguel e jornada
F41;QuintoAndar;https://www.quintoandar.com.br/comprar/imovel/jardim-das-perdizes-sao-paulo-sp-brasil;portal/anuncios;volume,precos,custos,journey;agregador de inventario;media;taxonomia amplia e mistura bairro;benchmark de UX
F42;Loft;https://loft.com.br/onde-morar/sp/sao-paulo/jardim-das-perdizes/1TOHU3RR;portal/guia;preco m2,condominio,IPTU,ruas;guia agregado;media;sem metodologia amostral;benchmark de preço
F43;França Prime;https://www.francaprime.com.br/imoveis/venda/sp/sao-paulo/jardim-das-perdizes;imobiliaria/alto padrao;estoque,coberturas,video,tour,precos;inventario comercial;media;precos pedidos e dados de anunciante;concorrente premium
F44;FMI Prime;https://www.fmiprime.com.br/imoveis/venda/sp/sao-paulo/jardim-das-perdizes;imobiliaria/alto padrao;estoque,precos,condominio,IPTU;inventario comercial;media;sem histórico/fechamento;concorrente premium e custos
F45;Century21;https://www.century21brasil.com/imoveis/a-venda/apartamento/sao-paulo/jardim-das-perdizes;imobiliaria/portal;estoque,precos,filtros;inventario comercial;media;amostra pequena e preço pedido;benchmark
F46;Imovelweb;https://www.imovelweb.com.br/imoveis-venda-jardim-das-perdizes-sao-paulo.html;portal/anuncios;escala,precos,tipologias;agregador;media-baixa;mistura territorial,duplicidade e claims;benchmark de indexacao
F47;Apto - catalogo;https://apto.vc/br/sp/sao-paulo/jardim-das-perdizes;portal/novos;precos a partir,produtos,metragens;catalogo de lançamentos;media;preco de catálogo e status dinamico;inventario de lançamentos
F48;Apto - ficha Araucaria;https://apto.vc/br/sp/sao-paulo/jardim-das-perdizes/bosque-araucaria-jardim-das-perdizes;ficha produto;torres,unidades,areas,entrega;ficha secundária;media;validar com memorial;estrutura historica
F49;Apto - ficha Manaca;https://apto.vc/br/sp/sao-paulo/jardim-das-perdizes/reserva-manaca-jardim-das-perdizes;ficha produto;torres,unidades,areas,entrega;ficha secundária;media;inconsistencia de área;estrutura historica
F50;Zimoveis - guia;https://www.zimoveis.com.br/blog/bairros/guia-de-bairros-conheca-o-jardim-das-perdizes-um-bairro-planejado-para-o-viver-bem/;imobiliaria/editorial;localizacao,saude,educacao,lazer,gastronomia;guia comercial;media;tempos e claims sem método;benchmark editorial
F51;GHAR - guia/inventario;https://ghar.com.br/imoveis/sp/sao-paulo/jardim-das-perdizes/;portal/novos;produtos,precos a partir,alertas;inventario comercial;media;preco/estoque dependente de data;benchmark de captura
F52;ArchDaily/Casa100;https://www.archdaily.com/es/1162639/departamento-jardim-das-perdizes-casa100-arquitetura;arquitetura;reforma,vista,planta,parque;projeto publicado;alta para projeto;caso individual;conteudo de experiencia
F53;Guia Jardim das Perdizes;https://guiajardimdasperdizes.com.br/;diretorio local;comercios,mapa,servicos,newsletter;portal hiperlocal;media-alta para listagem do site;cadastros e horarios dinamicos;entidades e parcerias
F54;AMO Instagram;https://www.instagram.com/amojdp/?hl=pt-br;comunidade;zeladoria,agenda,parque,comunicacao;rede social oficial/comunitaria;media;conteudo social e dinamico;monitoramento e relacionamento
F55;Mapa OSC IPEA;https://mapaosc.ipea.gov.br/detalhar/615928;governo/dados;CNPJ,governanca,endereco,atividade;registro administrativo;alta para existência;preenchimento 23,8 por cento;identidade institucional
F56;Muralha Paulista;https://www.muralhapaulista.sp.gov.br/;governo estadual;programa,cameras,privacidade,uso publico;portal oficial;alta;nao comprova efeito local;compliance e explicação
F57;Estadao Imoveis;https://imoveis.estadao.com.br/cidades-inteligentes/jardim-das-perdizes-integra-cameras-a-policia-de-sao-paulo-iniciativa-provoca-debate/;imprensa/seguranca;cameras,totens,debate,LGPD;reportagem;media-alta;dados/estimativas e debate;FAQ equilibrada
F58;TripAdvisor parque;https://www.tripadvisor.com.br/Attraction_Review-g303631-d11863615-Reviews-Parque_Jardim_Das_Perdizes-Sao_Paulo_State_of_Sao_Paulo.html;reputacao;avaliacoes,experiencia,criticas;reviews de usuários;media-baixa;amostra pequena e enviesada;mapa de objeções
F59;Reddit moradores;https://www.reddit.com/r/saopaulo/comments/1vt6i29/como_%C3%A9_morar_no_jardim_das_perdizes/;comunidade;experiencia,seguranca,deslocamento,publicidade;relato qualitativo;baixa-media;caso isolado;perguntas e pautas
F60;Reclame Aqui Tecnisa;https://www.reclameaqui.com.br/tecnisa-construtora/obra-do-jardim-da-perdizes-recem-entregue-com-problemas_16533916/;reputacao/pós-venda;vistoria,entrega,assistencia;relato individual;baixa-media;caso antigo e não representativo;checklist de compra/vistoria
F61;Jardim das Perdizes antigo;https://www.jardimdasperdizes.com.br/;dominio histórico/oficial;produtos,breve lançamento,parque,linha 6;landing oficial;alta para a pagina;dinamica e status nao claro;monitorar histórico e SERP
F62;Metro Quadrado;https://metroquadrado.com/residencial/btg-vira-socio-da-tecnisa-no-jardim-das-perdizes-e-quer-a-fatia-da-hines;imprensa/negocios;BTG,controle,VGV,CEPACs,terrenos;reportagem;media-alta;dados societarios datados;timeline corporativa
F63;InvestNews;https://investnews.com.br/negocios/btg-assume-controle-do-jardim-das-perdizes-projeto-bilionario-da-tecnisa/;imprensa/negocios;controle,participacoes,capital,Reserva Rooftop;reportagem;media-alta;nao comprova execução futura;governança e risco
F64;Google/Maps/Local;https://www.google.com/maps/search/Jardim+das+Perdizes;mapa/local;rotas,estabelecimentos,distancias,reviews;dados de mapa;variável;dados mudam e dependem de rota;auditoria de entorno
